Component,Property1,Property2,Property3,Property4,Property5,Property6,Property7,Property8,Property9,Property10
1,-0.02178224,-1.229799457,-0.393322054,-1.763084912,0.051779485,-1.483333118,-0.509379797,0.293814902,0.480368241,-1.244962923
2,1.981250612,-0.580274285,0.221189295,0.984514824,1.005824473,-1.748358537,-0.468733113,-0.11575289,1.044967034,-1.355050375
3,0.020035623,0.133998041,0.656103577,-1.548114528,-0.430868469,1.503443263,-1.31767543,-0.917991588,-0.450955812,-0.314423092
4,0.140315124,0.817835179,0.074461078,-1.654289587,1.743607722,0.02304264,0.132154921,-0.274703523,0.674571793,0.993593428
5,1.032028863,0.216116388,-3.082937536,-1.410049261,0.296712805,1.741302611,0.221236896,0.513325502,-0.636394316,-2.728928336
